year,mean_Q,median_Q,class
2015,272.0745079908676,248.35,dry
2014,322.83858208955223,320.915,dry
2024,65899.99695355192,64208.34,wet
2025,103155.71578779773,104930.32,wet
