model,logLik,AIC,ks_p_value
weibull,-1062305.9479481142,2124615.8958962285,0
lognormal,-1069217.5543353965,2138439.108670793,0
